Relative_Time_[ms],RAB_Width_5_[AU]
3,114
13,235
22,359
32,486
41,611
52,623
61,629
71,634
80,635
94,639
110,643
128,645
145,646
163,650
181,652
198,654
216,657
234,659
251,658
269,659
287,660
305,660
322,661
339,662
358,661
375,661
393,661
410,658
429,657
446,656
463,654
482,652
499,651
517,647
534,644
552,642
570,638
587,635
605,634
623,630
641,628
658,626
675,621
694,618
711,616
729,613
746,611
764,610
782,609
799,607
818,607
835,605
852,604
870,605
888,606
906,607
923,610
941,611
959,612
976,615
994,616
1011,619
1031,622
1049,625
1068,627
1087,632
1105,636
1124,639
1142,642
1162,645
1180,648
1199,650
1218,652
1236,655
1255,657
1273,658
1293,659
1311,661
1330,662
1349,663
1368,663
1386,663
1404,662
1424,662
1442,661
1461,661
1480,659
1499,656
1517,654
1536,652
1555,651
1573,648
1592,644
1610,641
1630,638
1648,635
1667,632
1686,630
1704,626
1723,622
1741,619
1761,617
1779,614
1798,612
1817,609
1836,608
1854,607
1872,606
1892,606
1910,605
1929,606
1948,607
1967,608
1985,610
2003,613
2023,614
2041,616
2060,620
2079,624
2098,627
2116,629
2135,633
2154,636
2172,639
2191,643
2209,646
2229,649
2247,651
2266,653
2285,656
2304,658
2322,659
2340,660
2360,661
2378,662
2397,663
2416,663
2435,663
2453,663
2471,662
2491,661
2509,660
2528,659
2547,656
2566,654
2584,652
2603,650
2622,648
2640,645
2659,641
2677,638
2697,635
2715,632
2734,629
2753,626
2771,622
2790,619
2808,617
2828,615
2846,613
2865,610
2884,608
2903,608
2921,607
2940,606
2959,607
2977,606
2996,607
3015,609
3034,611
3052,614
3070,616
3090,617
3108,620
3127,624
3146,627
3165,630
3183,633
3202,636
3221,639
3239,642
3258,646
3277,649
3296,651
3314,652
3333,655
3352,658
3371,659
3389,660
3408,661
3427,662
3445,662
3464,662
3483,662
3502,662
3520,661
3539,659
3558,659
3576,658
3595,656
3614,653
3633,651
3651,649
3670,647
3689,644
3707,641
3726,637
3744,634
3764,631
3782,628
3801,626
3820,622
3838,618
3857,616
3876,614
3895,612
3913,609
3932,608
3951,607
3970,606
3988,605
4007,606
4026,607
4044,607
4063,608
4082,610
4101,613
4119,615
4137,617
4157,619
4175,623
4194,627
4213,630
4232,633
4250,636
4269,639
4288,642
4306,646
4325,649
4344,651
4363,653
4381,655
4400,657
4419,659
4438,660
4456,661
4475,662
4494,662
4512,662
4531,663
4550,662
4569,661
4587,660
4606,659
4625,658
4643,657
4662,654
4681,651
4700,649
4718,647
4737,644
4756,641
4774,638
4793,634
4812,630
4831,628
4849,625
4868,622
4887,618
4905,616
4924,614
4943,612
4962,609
4980,608
4999,607
5018,606
5037,605
5055,606
5074,607
5093,607
5111,607
5130,610
5149,613
5168,615
5186,618
5204,620
5224,624
5242,627
5261,630
5280,634
5299,637
5317,639
5336,642
5355,646
5373,649
5392,652
5411,653
5430,655
5448,657
5467,659
5486,661
5505,661
5523,662
5542,662
5561,662
5579,663
5598,663
5617,662
5636,660
5654,659
5673,658
5692,657
5710,654
5729,652
5748,649
5767,647
5785,644
5804,641
5823,638
5841,634
5860,630
5879,627
5898,624
5916,622
5935,619
5954,615
5972,613
5991,611
6010,609
6029,607
6047,606
6066,605
6085,604
6104,605
6122,606
6141,607
6160,607
6178,610
6197,613
6216,616
6235,618
6253,621
6273,623
6291,627
6309,630
6328,634
6347,638
6366,640
6384,642
6403,645
6422,648
6440,651
6459,653
6478,655
6497,657
6515,659
6534,660
6553,661
6572,662
6590,662
6609,662
6628,662
6646,662
6665,662
6684,660
6703,658
6721,657
6740,656
6759,654
6777,652
6796,649
6815,646
6834,643
6852,640
6872,638
6890,635
6908,630
6927,627
6946,625
6965,622
6983,619
7002,616
7021,613
7040,611
7058,609
7077,607
7096,607
7114,605
7134,605
7152,605
7171,607
7189,608
7208,608
7227,609
7245,612
7264,615
7283,618
7302,621
7320,624
7340,627
7358,630
7376,634
7395,638
7414,641
7433,643
7451,645
7471,649
7489,652
7507,654
7526,656
7545,658
7564,659
7582,660
7602,662
7620,662
7639,663
7657,662
7676,662
7695,662
7713,662
7733,660
7751,658
7770,657
7788,656
7808,654
7826,652
7844,649
7863,646
7882,643
7901,640
7919,638
7939,635
7957,631
7975,627
7994,624
8013,621
8032,618
8050,616
8070,613
8088,610
8107,608
8125,607
8144,606
8163,606
8181,605
8201,605
8219,607
8238,608
8256,609
8275,610
8294,612
8312,615
8332,618
8350,621
8369,624
8387,627
8407,629
8425,633
8443,637
8462,641
8481,643
8500,645
8518,648
8538,651
8556,654
8574,656
8593,658
8612,659
8631,660
8649,661
8669,662
8687,663
8706,662
8724,662
8743,662
8762,662
8780,661
8800,659
8818,657
8837,655
8855,653
8875,651
8893,649
8911,646
8930,642
8949,639
8968,637
8986,634
9006,631
9024,627
9042,624
9061,621
9080,618
9099,615
9117,613
9137,610
9155,608
9174,606
9192,606
9211,606
9230,605
9248,605
9268,606
9286,608
9305,609
9323,610
9342,612
9361,615
9379,618
9399,621
9417,624
9436,627
9454,630
9474,633
9492,637
9510,641
9529,644
9548,646
9567,648
9585,651
9605,653
9623,656
9641,657
9660,659
9679,659
9698,661
9716,662
9736,663
9754,663
9773,662
9791,662
9810,661
9829,660
9847,658
9867,657
9885,655
9904,653
9922,651
9942,649
9960,646
9978,642
9997,638
10016,636
10036,633
10055,629
10076,627
10095,624
10115,619
10135,617
10155,615
10174,612
10193,610
10214,609
10233,607
10253,606
10273,606
10293,605
10312,605
10333,607
10352,609
10372,609
10391,613
10412,616
10431,618
10450,621
10471,626
10490,628
10510,631
10529,636
10550,638
10569,641
10589,645
10609,648
10629,650
10648,654
10669,656
10688,657
10707,659
10727,661
10747,660
10767,662
10786,663
10807,662
10826,662
10846,662
10866,660
10886,659
10905,659
10925,656
10945,654
10964,653
10984,650
11004,646
11024,644
11043,641
11063,637
11083,634
11103,631
11122,626
11143,624
11162,621
11182,617
11202,615
11222,613
11241,610
11261,608
11281,608
11300,606
11320,605
11340,605
11360,606
11379,606
11400,608
11419,611
11439,612
11459,615
11479,619
11498,621
11517,625
11538,629
11557,631
11577,635
11596,639
11617,642
11636,644
11656,649
11676,651
11696,653
11715,656
11736,658
11755,659
11774,661
11795,662
11814,662
11834,662
11853,663
11874,662
11893,661
11913,662
11933,660
11953,658
11972,657
11992,655